id,title,status,description,completion_criteria
ebs26-catch,Finalize 2025 catch and update 2026 catch,review,"Waiting for the October 1 catch query. Separate final 2025 removals, reported 2026 catch at extraction, and the estimated remainder of 2026.","Record source, extraction date, units, retained/discarded and CDQ treatment; reconcile final 2025 catch; document the 2026 year-end estimate and its completion method."
ebs26-bts-index,Update BTS 2025–2026 indices and covariance,todo,"Obtain the delivered BTS index estimates and uncertainty for 2025 and 2026, including revisions to earlier observations.","Verify actual survey years and coverage; retain estimates, covariance or supplied uncertainty, method version, and comparison with the previous series. Preserve the absent 2020 BTS."
ebs26-ats-index,Update ATS 2026 index and age-1 series,todo,"Obtain the 2026 acoustic-trawl survey index and separate age-1 estimate, with their uncertainty and survey coverage.","Validate units, delivered uncertainty, revision, and actual survey years. Preserve the corrected ATS 2020 age-1 treatment and keep the missing placeholder outside fitting."
ebs26-avo-index,Update AVO index through 2026,todo,Obtain observations through 2026 where surveyed and document revisions to the acoustic vessel-of-opportunity series.,"Record processing revision, observation years, coverage and uncertainty; compare revised historical values and document the approved uncertainty treatment."
ebs26-bts-ages,Update BTS age compositions through 2026,todo,Obtain the delivered BTS age compositions through 2026 and identify changes in expansion or age-estimation methods.,"Retain actual survey years, age range, sample sizes, expansion method, age-reading provenance and uncertainty; validate composition totals and years against the index inputs."
ebs26-ats-ages,Receive final ATS 2026 age compositions,review,Waiting for the final 2026 ATS age-composition delivery. Keep the delivered survey-age series separate from the age-1 index.,"Confirm final delivery and age-reading method; validate compositions, age range, sample sizes and uncertainty. Preserve zero composition weight for the absent ATS 2020 age sample."
ebs26-fishery-ages,Update fishery ages for 2024 and 2025,todo,Obtain the completed 2024 and 2025 fishery age compositions and associated sampling information.,"Record fish and haul counts, strata, expansion, age-reading method, uncertainty and revision; validate the terminal composition year as 2025 and preserve source age-method labels."
ebs26-biological-inputs,Update biological and weight-at-age schedules,todo,"Assemble fishery and survey weights at age and check the maturity, spawning-weight and natural-mortality inputs used for the assessment.","Compare each schedule with the baseline; document sources, units, years, missing-year assumptions, and the rationale for any change."
ebs26-ageing-weighting,Document ageing error and composition weights,todo,"Reconcile ageing-error treatment, sampling counts and likelihood sample sizes for fishery, BTS and ATS compositions.","Archive matrices and age methods; distinguish sampled fish, starting sample sizes and final likelihood weights; document all adjustments and preserve zero ATS 2020 composition weight."
ebs26-input-freeze,Validate and freeze matched model inputs,todo,"Prepare matched, dated input sets for primary Model 26.0 (Rceattle) and comparison Model 23.0.","Check source revisions, observation schedules, dimensions, units, sums, missingness, ageing error and weights; record changes, checksums and the selected input versions before fitting."
