package,title,available_version,attempted_version,record_type,reported_build_status,source_check,check_summary,upstream_url,r_universe_url,build_log_url,snapshot_date
afscdata,An R Package for Extraction of AFSC Fishery Data,1.0.0,,Source package record,success,OK,OK: 9,https://github.com/afsc-assessments/afscdata,https://jimianelli.r-universe.dev/afscdata,https://github.com/r-universe/jimianelli/actions/runs/35916740523,2026-09-29
afscISS,Retrieve composition data ISS,1.0.0,,Source package record,success,OK,NOTE: 7; OK: 2,https://github.com/afsc-assessments/afscISS,https://jimianelli.r-universe.dev/afscISS,https://github.com/r-universe/jimianelli/actions/runs/35539450433,2026-09-29
catchfunction,BSAI catch function,1.7.0,,Source package record,success,OK,OK: 2; WARNING: 7,https://github.com/afsc-assessments/catchfunction,https://jimianelli.r-universe.dev/catchfunction,https://github.com/r-universe/jimianelli/actions/runs/34757047430,2026-09-29
ebswp,Facilitates Model Running for EBS Pollock,0.0.1.0000,,Source package record,success,OK,ERROR: 7; OK: 2,https://github.com/afsc-assessments/ebswp,https://jimianelli.r-universe.dev/ebswp,https://github.com/r-universe/jimianelli/actions/runs/35070687907,2026-09-29
FLjjm,Running the JJM Stock Assessment Model Inside the MSE FLR System,0.3.11,,Source package record,success,OK,FAIL: 1; OK: 2; WARNING: 6,https://github.com/SPRFMO/FLjjm,https://jimianelli.r-universe.dev/FLjjm,https://github.com/r-universe/jimianelli/actions/runs/36425007654,2026-09-29
fmR,"What the Package Does (One Line, Title Case)",0.0.0.9000,,Source package record,success,OK,OK: 2; WARNING: 7,https://github.com/afsc-assessments/fmR,https://jimianelli.r-universe.dev/fmR,https://github.com/r-universe/jimianelli/actions/runs/34756831159,2026-09-29
funplots,Exploratory plots of Alaskan survey and fisheries data in support of stock assessment,0.0.0.9000,,Source package record,success,OK,ERROR: 7; OK: 2,https://github.com/afsc-assessments/funplots,https://jimianelli.r-universe.dev/funplots,https://github.com/r-universe/jimianelli/actions/runs/34815939818,2026-09-29
GOApollock,Title unavailable in API snapshot,,0.1.0.9000,Failed source attempt,failure,ERROR,ERROR: 1,https://github.com/afsc-assessments/GOApollock,https://jimianelli.r-universe.dev/GOApollock,https://github.com/r-universe/jimianelli/actions/runs/33242366613,2026-09-29
growthbreaks,Spatio-temporal Growth Anomaly Detection,0.1.0,,Source package record,success,OK,ERROR: 13; OK: 2,https://github.com/afsc-assessments/growthbreaks,https://jimianelli.r-universe.dev/growthbreaks,https://github.com/r-universe/jimianelli/actions/runs/34757390297,2026-09-29
inseasonDashboard,In-Season Fishery Monitoring Tools,0.1.0,,Source package record,success,OK,ERROR: 7; OK: 2,https://github.com/afsc-assessments/inseasonDashR,https://jimianelli.r-universe.dev/inseasonDashboard,https://github.com/r-universe/jimianelli/actions/runs/35067717257,2026-09-29
jjmR,Graphics and diagnostics tools for SPRFMO's Joint Jack Mackerel model,1.2020.1,,Source package record,success,OK,OK: 2; WARNING: 7,https://github.com/SPRFMO/jjmr,https://jimianelli.r-universe.dev/jjmR,https://github.com/r-universe/jimianelli/actions/runs/34651667440,2026-09-29
NamibianHake,Namibian Hake Stock Assessment Model,0.0.0.9000,,Source package record,success,OK,OK: 2; WARNING: 7,https://github.com/jimianelli/NamibianHake,https://jimianelli.r-universe.dev/NamibianHake,https://github.com/r-universe/jimianelli/actions/runs/34961509929,2026-09-29
nwfscAgeingError,Source Code for Punt et al. (2008): Ageing Error and Imprecision,1.3.3,,Source package record,success,OK,OK: 2; WARNING: 7,https://github.com/jimianelli/nwfscAgeingError,https://jimianelli.r-universe.dev/nwfscAgeingError,https://github.com/r-universe/jimianelli/actions/runs/34757094797,2026-09-29
pkgdownTemplate,pkgdown Template Package,1.0,,Source package record,success,OK,OK: 9,https://github.com/jimianelli/popcie,https://jimianelli.r-universe.dev/pkgdownTemplate,https://github.com/r-universe/jimianelli/actions/runs/34756733966,2026-09-29
planteam,Making Plan Team Smoother,0.1.0,,Source package record,success,OK,ERROR: 7; OK: 2,https://github.com/afsc-assessments/planteam,https://jimianelli.r-universe.dev/planteam,https://github.com/r-universe/jimianelli/actions/runs/34756920861,2026-09-29
rema,"A generalized framework to fit the random effects (RE) model, a state-space random walk model developed at the Alaska Fisheries Science Center (AFSC) for apportionment and biomass estimation of groundfish and crab stocks.",1.2.0,,Source package record,success,OK,OK: 2; WARNING: 13,https://github.com/afsc-assessments/rema,https://jimianelli.r-universe.dev/rema,https://github.com/r-universe/jimianelli/actions/runs/33966951593,2026-09-29
rtmbFunctions,Title unavailable in API snapshot,,0.1.0,Failed source attempt,failure,ERROR,ERROR: 1,https://github.com/jimianelli/rtmbsbt,https://jimianelli.r-universe.dev/rtmbFunctions,https://github.com/r-universe/jimianelli/actions/runs/34323038652,2026-09-29
sa4all,Write Stock Assessments for general purposes,0.0.0.0002,,Source package record,success,OK,OK: 2; WARNING: 7,https://github.com/afsc-assessments/sa4all,https://jimianelli.r-universe.dev/sa4all,https://github.com/r-universe/jimianelli/actions/runs/34757108828,2026-09-29
SARA,This is a package for the AFSC Groundfish stock assessment results,1.0,,Source package record,success,OK,ERROR: 7; OK: 2,https://github.com/afsc-assessments/sara,https://jimianelli.r-universe.dev/SARA,https://github.com/r-universe/jimianelli/actions/runs/34756999238,2026-09-29
spmR,Title unavailable in API snapshot,,0.3.0,Failed source attempt,failure,ERROR,ERROR: 1,https://github.com/afsc-assessments/spmR,https://jimianelli.r-universe.dev/spmR,https://github.com/r-universe/jimianelli/actions/runs/36390718374,2026-09-29
VRData,This is a data package for the spawner and fraction wild data used in the NWFSC PNW Salmonid Viability Reports.,1.0,,Source package record,failure,ERROR,ERROR: 8; OK: 1,https://github.com/jimianelli/VRData,https://jimianelli.r-universe.dev/VRData,https://github.com/r-universe/jimianelli/actions/runs/35853953352,2026-09-29
WtAgeRe,Fish Body Mass at Age Estimation,0.1.0,,Source package record,failure,ERROR,ERROR: 1; FAIL: 5; OK: 1; WARNING: 8,https://github.com/afsc-assessments/WtAgeRe,https://jimianelli.r-universe.dev/WtAgeRe,https://github.com/r-universe/jimianelli/actions/runs/34090884540,2026-09-29
